app,topics,reviews
com.uberspot.a2048,3,9
info.metadude.android.congress.schedule,1,1
aarddict.android,2,2
itkach.aard2,3,3
com.addi,2,2
com.adguard.android.contentblocker,3,2
com.freerdp.afreerdp,1,1
dev.ukanth.ufirewall,1,1
net.gorry.aicia,1,1
com.angrydoughnuts.android.alarmclock,4,38
org.ametro,2,2
net.bible.android.activity,10,34
com.gpl.rpg.AndorsTrail,4,9
org.shadowice.flocke.andotp,2,4
org.andstatus.app,2,1
de.danoeh.antennapod,7,46
ch.logixisland.anuto,2,2
com.jtmcn.archwiki.viewer,3,7
com.dozingcatsoftware.asciicam,3,5
dk.andsen.asqlitemanager,3,10
org.tamanegi.atmosphere,3,7
com.github.axet.audiorecorder,2,4
com.rascarlo.aurdroid,1,1
com.knirirr.beecount,3,5
com.vlath.keyboard,2,2
com.ihunda.android.binauralbeat,3,38
de.schildbach.wallet,5,8
org.blitzortung.android.app,2,3
org.scoutant.blokish,4,5
com.github.axet.bookreader,3,4
com.quaap.bookymcbookface,1,1
net.androgames.level,3,7
com.notriddle.budget,1,2
com.android2.calculator3,12,52
com.simplemobiletools.camera,2,3
us.koller.cameraroll,5,17
com.dozingcatsoftware.cameratimer,1,3
org.atai.TessUI,0,1
net.pmarks.chromadoze,3,6
de.qspool.clementineremote,2,7
com.joshtwigg.cmus.droid,2,1
com.mschlauch.comfortreader,1,2
net.kervala.comicsreader,3,57
eu.siacs.conversations,3,10
eu.siacs.conversations.legacy,1,1
cc.echonet.coolmicapp,2,2
org.coolreader,11,140
me.tsukanov.counter,5,14
se.bitcraze.crazyfliecontrol2,2,1
com.github.cythara,1,1
org.mult.daap,1,1
org.nutritionfacts.dailydozen,2,1
com.workingagenda.democracydroid,0,1
com.matejdro.pebbledialer,2,10
in.shick.diode,4,7
org.sufficientlysecure.viewer,4,10
us.bravender.android.dongsa,1,1
net.iowaline.dotdash,1,1
net.reichholf.dreamdroid,3,7
org.petero.droidfish,5,7
github.daneren2005.dsub,1,2
com.duckduckgo.mobile.android,6,19
de.tap.easy_xkcd,4,9
com.ultramegatech.ey,1,1
com.llamacorp.equate,1,1
ws.xsoh.etar,3,9
cz.dvratil.fbeventsync,1,1
link.standen.michael.fatesheets,0,1
fr.gouv.etalab.mastodon,1,3
com.abhijitvalluri.android.fitnotifications,3,4
com.ultramegasoft.flavordex2,1,1
net.frju.flym,1,2
jp.forkhub,4,5
de.saschahlusiak.freebloks,1,2
troop.com.freedcam,1,1
de.cwde.freeshisen,0,1
com.murrayc.galaxyzoo.app,1,1
de.r4md4c.gamedealz,1,1
net.gaast.giggity,1,2
org.glucosio.android,1,1
de.duenndns.gmdice,1,1
org.ligi.gobandroid_hd,1,1
com.apps.adrcotfas.goodtime,5,8
com.Bisha.TI89EmuDonation,3,3
org.pocketworkstation.pckeyboard,11,74
net.sf.times,1,1
ru.yanus171.feedexfork,1,2
com.hobbyone.HashDroid,2,2
com.redblaster.hsl.main,1,1
com.manuelmaly.hn,3,5
com.github.axet.hourlyreminder,3,4
com.derek_s.hubble_gallery,3,4
org.libreoffice.impressremote,1,1
org.smc.inputmethod.indic,4,7
ru.playsoftware.j2meloader,8,8
com.jtechme.jumpgo,0,1
com.alaskalinuxuser.justnotes,1,1
com.kunzisoft.keyboard.switcher,1,1
org.kiwix.kiwixmobile,6,25
org.xbmc.kodi,4,16
org.xbmc.kore,7,41
ee.ioc.phon.android.speak,0,1
com.angryburg.uapp,1,1
com.commit451.gitlab,2,3
com.lesspass.android,1,1
org.documentfoundation.libreoffice,2,15
org.proninyaroslav.libretorrent,1,5
com.foxykeep.lifecounter,1,1
acr.browser.lightning,5,27
org.linphone,2,5
za.co.lukestonehm.logicaldefence,1,2
org.isoron.uhabits,7,68
protect.card_locker,3,6
org.gateshipone.malp,1,1
net.gsantner.markor,4,8
io.github.hidroh.materialistic,8,23
com.mattermost.mattermost,4,2
org.androidsoft.games.memory.kids,1,1
com.manichord.mgit,2,1
com.ghstudios.android.mhgendatabase,3,2
com.easytarget.micopi,2,2
net.minetest.minetest,2,3
nitezh.ministock,5,21
com.app.missednotificationsreminder,2,3
com.oriondev.moneywallet,2,2
com.gelakinetic.mtgfam,6,11
com.coboltforge.dontmind.multivnc,2,5
com.artifex.mupdf.mini.app,3,2
com.artifex.mupdf.viewer.app,2,2
com.mkulesh.onpc,1,1
com.simplemobiletools.musicplayer,5,6
net.nurik.roman.muzei,6,50
com.wangdaye.mysplash,1,2
org.navitproject.navit,2,2
eu.faircode.netguard,1,2
com.newsblur,6,20
com.nextcloud.client,2,5
com.nononsenseapps.notepad,5,12
io.github.tjg1.nori,1,1
com.icechen1.notable.pro,1,8
com.notecryptpro,1,1
com.farmerbb.notepad,6,5
it.niedermann.owncloud.notes,1,2
com.khuttun.notificationnotes,1,1
com.palliser.nztides,2,1
org.witness.sscphase1,3,8
com.gh4a,1,1
net.sourceforge.opencamera,8,30
org.osmdroid,1,2
com.todobom.opennotescanner,1,1
org.moire.opensudoku,1,2
at.tomtasche.reader,6,31
org.openhab.habdroid,4,4
com.thirtydegreesray.openhub,2,2
org.sufficientlysecure.keychain,4,3
de.blinkt.openvpn,2,11
fluddokt.opsu.android,6,9
com.orgzly,4,19
net.osmand.srtmPlugin.paid,3,4
net.osmand.plus,10,34
com.owncloud.android,5,6
fr.ubordeaux.math.paridroid,0,1
org.ligi.passandroid,3,9
com.zeapo.pwdstore,3,3
swati4star.createpdf,1,1
com.gsnathan.pdfviewer,1,1
de.j4velin.pedometer,1,1
com.frozendevs.periodictable,1,2
com.byagowi.persiancalendar,4,6
com.kabouzeid.gramophone,7,57
com.pindroid,4,4
com.dftec.planetcon,1,1
com.morlunk.mumbleclient,4,8
org.ppsspp.ppsspp,3,6
com.gianlu.pretendyourexyzzy,3,2
org.primftpd,2,1
com.stoutner.privacybrowser.standard,1,1
security.pEp,2,3
com.moez.QKSMS,9,163
com.iskrembilen.quasseldroid,2,3
ohm.quickdice,2,2
com.geecko.QuickLyric,6,22
net.programmierecke.radiodroid2,1,1
de.eidottermihi.raspicheck,2,2
com.bleyl.recurrence,2,4
au.com.wallaceit.reddinator,3,4
org.quantumbadger.redreader,5,30
com.mantz_it.rfanalyzer,1,1
com.fastebro.androidrgbtool,1,1
im.vector.alpha,3,10
chat.rocket.android,2,14
wseemann.media.romote,1,3
net.yolosec.routerkeygen2,0,1
com.ath0.rpn,1,1
com.bijoysingh.quicknote,2,5
info.dvkr.screenstream,1,2
com.seafile.seadroid2,1,1
com.twistedplane.sealnote,4,13
net.sourceforge.servestream,4,11
rkr.simplekeyboard.inputmethod,5,14
org.hwyl.sexytopo,1,1
de.markusfisch.android.shadereditor,3,3
com.shatteredpixel.shatteredpixeldungeon,2,2
com.totsp.crossword.shortyz,9,206
com.showmehills,2,2
com.mgaetan89.showsrage,1,2
com.brentpanther.bitcoinwidget,3,5
com.simplemobiletools.calendar.pro,1,3
com.simplemobiletools.contacts.pro,3,2
com.simplemobiletools.gallery.pro,6,56
de.tobiasbielefeld.solitaire,5,5
apps.jizzu.simpletodo,2,2
com.a5corp.weather,1,1
com.dosse.bwentrain.androidPlayer,2,8
me.ccrama.redditslide,9,79
link.standen.michael.slideshow,2,2
it.rignanese.leo.slimfacebook,6,11
com.zegoggles.smssync,2,4
de.srlabs.snoopsnitch,2,2
net.sourceforge.solitaire_cg,2,2
org.andglkmod.hunkypunk,2,3
com.danielkim.soundrecorder,2,2
com.github.premnirmal.tickerwidget,3,5
org.secuso.privacyfriendlysudoku,1,2
com.twofours.surespot,4,5
org.ligi.survivalmanual,7,14
com.nutomic.syncthingandroid,2,4
com.github.catfriend1.syncthingandroid,1,1
org.dmfs.tasks,3,3
org.tasks,8,30
org.telegram.messenger,7,11
telegra.ph,2,1
com.termux,8,19
com.termux.window,2,3
com.termux.styling,3,10
de.onyxbits.textfiction,4,4
com.xperia64.timidityae,2,3
com.danvelazco.fbwrapper,6,41
org.tomdroid,1,1
org.pipoypipagames.towerjumper,1,1
org.transdroid.lite,4,7
de.grobox.liberario,1,1
com.osfans.trime,1,2
me.tripsit.tripmobile,2,1
com.eletac.tronwallet,1,1
org.ttrssreader,1,2
com.lyonbros.turtl,1,3
com.keylesspalace.tusky,1,1
de.tutao.tutanota,2,4
org.madore.android.unicodeMap,3,4
jp.ddo.hotmist.unicodepad,2,2
com.physphil.android.unitconverterultimate,6,22
info.staticfree.android.units,2,4
ch.blinkenlights.android.vanilla,6,13
com.dozingcatsoftware.bouncy,3,3
com.poupa.vinylmusicplayer,1,4
org.videolan.vlc,6,47
de.ph1b.audiobook,7,23
net.kourlas.voipms_sms,1,2
com.vuze.android.remote,4,3
fr.gaulupeau.apps.InThePoche,3,4
ru.gelin.android.weather.notification,4,6
ru.gelin.android.weather.notification.skin.biggertext,2,2
ru.gelin.android.weather.notification.skin.whitetextplus,1,1
menion.android.whereyougo,1,1
com.vrem.wifianalyzer,5,8
net.wigle.wigleandroid,6,12
org.wikipedia,8,63
ch.corten.aha.worldclock,1,3
com.averi.worldscribe,5,13
joshuatee.wx,2,2
org.xcsoar,1,1
org.helllabs.android.xmp,1,1
org.yaxim.androidclient,2,1
com.yubico.yubioath,4,4
com.mkulesh.micromath.plus,1,1
