app,keywords,reviews
com.uberspot.a2048,4,9
info.metadude.android.congress.schedule,1,1
aarddict.android,2,2
itkach.aard2,3,3
com.addi,2,2
com.adguard.android.contentblocker,2,2
com.freerdp.afreerdp,1,1
dev.ukanth.ufirewall,1,1
net.gorry.aicia,1,1
com.angrydoughnuts.android.alarmclock,8,38
org.ametro,2,2
net.bible.android.activity,19,34
com.gpl.rpg.AndorsTrail,8,9
org.shadowice.flocke.andotp,2,4
org.andstatus.app,4,1
de.danoeh.antennapod,14,46
ch.logixisland.anuto,3,2
com.jtmcn.archwiki.viewer,8,7
com.dozingcatsoftware.asciicam,6,5
dk.andsen.asqlitemanager,6,10
org.tamanegi.atmosphere,5,7
com.github.axet.audiorecorder,2,4
com.rascarlo.aurdroid,1,1
com.knirirr.beecount,3,5
com.vlath.keyboard,2,2
com.ihunda.android.binauralbeat,9,38
de.schildbach.wallet,6,8
org.blitzortung.android.app,2,3
org.scoutant.blokish,5,5
com.github.axet.bookreader,3,4
com.quaap.bookymcbookface,1,1
net.androgames.level,6,7
com.notriddle.budget,2,2
com.android2.calculator3,25,52
com.simplemobiletools.camera,2,3
us.koller.cameraroll,8,17
com.dozingcatsoftware.cameratimer,1,3
org.atai.TessUI,1,1
net.pmarks.chromadoze,4,6
de.qspool.clementineremote,3,7
com.joshtwigg.cmus.droid,3,1
com.mschlauch.comfortreader,2,2
net.kervala.comicsreader,5,57
eu.siacs.conversations,5,10
eu.siacs.conversations.legacy,1,1
cc.echonet.coolmicapp,4,2
org.coolreader,36,140
me.tsukanov.counter,7,14
se.bitcraze.crazyfliecontrol2,1,1
com.github.cythara,1,1
org.mult.daap,1,1
org.nutritionfacts.dailydozen,1,1
com.workingagenda.democracydroid,1,1
com.matejdro.pebbledialer,5,10
in.shick.diode,5,7
org.sufficientlysecure.viewer,4,10
us.bravender.android.dongsa,1,1
net.iowaline.dotdash,1,1
net.reichholf.dreamdroid,5,7
org.petero.droidfish,6,7
github.daneren2005.dsub,1,2
com.duckduckgo.mobile.android,11,19
de.tap.easy_xkcd,6,9
com.ultramegatech.ey,1,1
com.llamacorp.equate,1,1
ws.xsoh.etar,7,9
cz.dvratil.fbeventsync,1,1
link.standen.michael.fatesheets,1,1
fr.gouv.etalab.mastodon,3,3
com.abhijitvalluri.android.fitnotifications,4,4
com.ultramegasoft.flavordex2,2,1
net.frju.flym,2,2
jp.forkhub,3,5
de.saschahlusiak.freebloks,2,2
troop.com.freedcam,1,1
de.cwde.freeshisen,1,1
com.murrayc.galaxyzoo.app,1,1
de.r4md4c.gamedealz,1,1
net.gaast.giggity,1,2
org.glucosio.android,1,1
de.duenndns.gmdice,1,1
org.ligi.gobandroid_hd,1,1
com.apps.adrcotfas.goodtime,8,8
com.Bisha.TI89EmuDonation,3,3
org.pocketworkstation.pckeyboard,28,74
net.sf.times,1,1
ru.yanus171.feedexfork,2,2
com.hobbyone.HashDroid,2,2
com.redblaster.hsl.main,1,1
com.manuelmaly.hn,6,5
com.github.axet.hourlyreminder,4,4
com.derek_s.hubble_gallery,3,4
org.libreoffice.impressremote,1,1
org.smc.inputmethod.indic,6,7
ru.playsoftware.j2meloader,9,8
com.jtechme.jumpgo,1,1
com.alaskalinuxuser.justnotes,1,1
com.kunzisoft.keyboard.switcher,1,1
org.kiwix.kiwixmobile,13,25
org.xbmc.kodi,9,16
org.xbmc.kore,13,41
ee.ioc.phon.android.speak,1,1
com.angryburg.uapp,1,1
com.commit451.gitlab,3,3
com.lesspass.android,1,1
org.documentfoundation.libreoffice,3,15
org.proninyaroslav.libretorrent,2,5
com.foxykeep.lifecounter,1,1
acr.browser.lightning,12,27
org.linphone,3,5
za.co.lukestonehm.logicaldefence,2,2
org.isoron.uhabits,18,68
protect.card_locker,4,6
org.gateshipone.malp,1,1
net.gsantner.markor,8,8
io.github.hidroh.materialistic,11,23
com.mattermost.mattermost,3,2
org.androidsoft.games.memory.kids,1,1
com.manichord.mgit,2,1
com.ghstudios.android.mhgendatabase,2,2
com.easytarget.micopi,2,2
net.minetest.minetest,2,3
nitezh.ministock,13,21
com.app.missednotificationsreminder,2,3
com.oriondev.moneywallet,2,2
com.gelakinetic.mtgfam,10,11
com.coboltforge.dontmind.multivnc,4,5
com.artifex.mupdf.mini.app,3,2
com.artifex.mupdf.viewer.app,2,2
com.mkulesh.onpc,1,1
com.simplemobiletools.musicplayer,5,6
net.nurik.roman.muzei,15,50
com.wangdaye.mysplash,1,2
org.navitproject.navit,2,2
eu.faircode.netguard,1,2
com.newsblur,18,20
com.nextcloud.client,3,5
com.nononsenseapps.notepad,8,12
io.github.tjg1.nori,1,1
com.icechen1.notable.pro,4,8
com.notecryptpro,1,1
com.farmerbb.notepad,5,5
it.niedermann.owncloud.notes,2,2
com.khuttun.notificationnotes,1,1
com.palliser.nztides,2,1
org.witness.sscphase1,4,8
com.gh4a,1,1
net.sourceforge.opencamera,14,30
org.osmdroid,1,2
com.todobom.opennotescanner,1,1
org.moire.opensudoku,1,2
at.tomtasche.reader,15,31
org.openhab.habdroid,4,4
com.thirtydegreesray.openhub,2,2
org.sufficientlysecure.keychain,4,3
de.blinkt.openvpn,8,11
fluddokt.opsu.android,9,9
com.orgzly,12,19
net.osmand.srtmPlugin.paid,6,4
net.osmand.plus,17,34
com.owncloud.android,5,6
fr.ubordeaux.math.paridroid,1,1
org.ligi.passandroid,7,9
com.zeapo.pwdstore,2,3
swati4star.createpdf,1,1
com.gsnathan.pdfviewer,1,1
de.j4velin.pedometer,1,1
com.frozendevs.periodictable,1,2
com.byagowi.persiancalendar,6,6
com.kabouzeid.gramophone,17,57
com.pindroid,3,4
com.dftec.planetcon,1,1
com.morlunk.mumbleclient,6,8
org.ppsspp.ppsspp,3,6
com.gianlu.pretendyourexyzzy,5,2
org.primftpd,1,1
com.stoutner.privacybrowser.standard,1,1
security.pEp,3,3
com.moez.QKSMS,28,163
com.iskrembilen.quasseldroid,4,3
ohm.quickdice,2,2
com.geecko.QuickLyric,15,22
net.programmierecke.radiodroid2,1,1
de.eidottermihi.raspicheck,2,2
com.bleyl.recurrence,4,4
au.com.wallaceit.reddinator,3,4
org.quantumbadger.redreader,14,30
com.mantz_it.rfanalyzer,1,1
com.fastebro.androidrgbtool,1,1
im.vector.alpha,4,10
chat.rocket.android,5,14
wseemann.media.romote,1,3
net.yolosec.routerkeygen2,1,1
com.ath0.rpn,1,1
com.bijoysingh.quicknote,4,5
info.dvkr.screenstream,2,2
com.seafile.seadroid2,1,1
com.twistedplane.sealnote,7,13
net.sourceforge.servestream,10,11
rkr.simplekeyboard.inputmethod,11,14
org.hwyl.sexytopo,1,1
de.markusfisch.android.shadereditor,3,3
com.shatteredpixel.shatteredpixeldungeon,2,2
com.totsp.crossword.shortyz,28,206
com.showmehills,2,2
com.mgaetan89.showsrage,2,2
com.brentpanther.bitcoinwidget,5,5
com.simplemobiletools.calendar.pro,3,3
com.simplemobiletools.contacts.pro,3,2
com.simplemobiletools.gallery.pro,16,56
de.tobiasbielefeld.solitaire,5,5
apps.jizzu.simpletodo,2,2
com.a5corp.weather,1,1
com.dosse.bwentrain.androidPlayer,2,8
me.ccrama.redditslide,24,79
link.standen.michael.slideshow,2,2
it.rignanese.leo.slimfacebook,7,11
com.zegoggles.smssync,3,4
de.srlabs.snoopsnitch,2,2
net.sourceforge.solitaire_cg,2,2
org.andglkmod.hunkypunk,5,3
com.danielkim.soundrecorder,2,2
com.github.premnirmal.tickerwidget,4,5
org.secuso.privacyfriendlysudoku,3,2
com.twofours.surespot,5,5
org.ligi.survivalmanual,8,14
com.nutomic.syncthingandroid,3,4
com.github.catfriend1.syncthingandroid,1,1
org.dmfs.tasks,3,3
org.tasks,15,30
org.telegram.messenger,8,11
telegra.ph,2,1
com.termux,13,19
com.termux.window,3,3
com.termux.styling,4,10
de.onyxbits.textfiction,5,4
com.xperia64.timidityae,4,3
com.danvelazco.fbwrapper,14,41
org.tomdroid,1,1
org.pipoypipagames.towerjumper,1,1
org.transdroid.lite,7,7
de.grobox.liberario,1,1
com.osfans.trime,1,2
me.tripsit.tripmobile,1,1
com.eletac.tronwallet,1,1
org.ttrssreader,2,2
com.lyonbros.turtl,3,3
com.keylesspalace.tusky,1,1
de.tutao.tutanota,2,4
org.madore.android.unicodeMap,3,4
jp.ddo.hotmist.unicodepad,2,2
com.physphil.android.unitconverterultimate,14,22
info.staticfree.android.units,3,4
ch.blinkenlights.android.vanilla,8,13
com.dozingcatsoftware.bouncy,4,3
com.poupa.vinylmusicplayer,2,4
org.videolan.vlc,12,47
de.ph1b.audiobook,15,23
net.kourlas.voipms_sms,2,2
com.vuze.android.remote,3,3
fr.gaulupeau.apps.InThePoche,4,4
ru.gelin.android.weather.notification,7,6
ru.gelin.android.weather.notification.skin.biggertext,2,2
ru.gelin.android.weather.notification.skin.whitetextplus,1,1
menion.android.whereyougo,1,1
com.vrem.wifianalyzer,9,8
net.wigle.wigleandroid,9,12
org.wikipedia,22,63
ch.corten.aha.worldclock,3,3
com.averi.worldscribe,6,13
joshuatee.wx,4,2
org.xcsoar,2,1
org.helllabs.android.xmp,1,1
org.yaxim.androidclient,1,1
com.yubico.yubioath,6,4
com.mkulesh.micromath.plus,1,1
