keyword,reviews,reviews_selected,acceptance_rate
accessibility,28,18,"0,64"
accessible,163,57,"0,35"
actionable,4,2,"0,50"
adaptable,16,2,"0,13"
adaptability,0,0,
adjustability,1,0,"0,00"
adjustable,61,32,"0,52"
alert dialog,0,0,
alternative format,0,0,
alternative text,0,0,
animated content,0,0,
aria label,0,0,
assistance,34,4,"0,12"
assistive,0,0,
audible content,0,0,
audio conflict,0,0,
audio cue,3,2,"0,67"
audio description,2,1,"0,50"
auto-play,3,3,"1,00"
autoplay,26,18,"0,69"
background color,36,35,"0,97"
background colour,16,15,"0,94"
background image,16,11,"0,69"
black mode,14,13,"0,93"
black theme,72,69,"0,96"
blind,66,31,"0,47"
button order,0,0,
can't see,363,69,"0,19"
cannot see,63,16,"0,25"
change focus,2,0,"0,00"
change language,10,10,"1,00"
choose language,0,0,
clear error message,0,0,
clear label,0,0,
colour coding,5,5,"1,00"
complex control,0,0,
component order,0,0,
consistency,30,7,"0,23"
consistent label,0,0,
container,112,1,"0,01"
content description,0,0,
content order,0,0,
content resizing,0,0,
contentDescription,0,0,
contrast,54,40,"0,74"
control focus,1,0,"0,00"
control key,26,15,"0,58"
customization,493,303,"0,61"
dark mode,86,80,"0,93"
dark theme,306,296,"0,97"
decorative background,0,0,
decorative content,0,0,
decorative element,0,0,
decorative image,0,0,
default input format ,0,0,
default language,4,4,"1,00"
disabled person,2,2,"1,00"
disabled user,0,0,
disorientating,1,0,"0,00"
disorientation,0,0,
distinguishable,2,1,"0,50"
dizziness,0,0,
duplicate link,0,0,
epilepsy,8,7,"0,88"
explicit labels ,0,0,
eyestrain,2,2,"1,00"
fatigue,6,0,"0,00"
flicker,32,26,"0,81"
focus order,0,0,
focusable,0,0,
font sizing,2,2,"1,00"
grouped ,21,3,"0,14"
haptic,17,16,"0,94"
hard to see,47,35,"0,74"
have focus,4,0,"0,00"
headache,89,20,"0,22"
header,55,22,"0,40"
heading,31,9,"0,29"
hearing loss,1,0,"0,00"
hidden text,1,0,"0,00"
images of text,0,0,
impaired,5,4,"0,80"
impairment,3,3,"1,00"
inactive space,0,0,
input method,24,23,"0,96"
input sign,0,0,
input type,1,1,"1,00"
keyboard language,1,1,"1,00"
keyboard trap,0,0,
label absent,0,0,
label place,0,0,
landmark,7,0,"0,00"
leave focus,0,0,
light mode,14,8,"0,57"
light theme,27,27,"1,00"
link description,0,0,
logical order,10,0,"0,00"
logical sequence,0,0,
magnify,12,5,"0,42"
metadata,49,20,"0,41"
migraine,26,6,"0,23"
minimum space,0,0,
missing image,2,0,"0,00"
missing label,1,1,"1,00"
missing layout,0,0,
mute,165,42,"0,25"
narrative audio,0,0,
nausea,0,0,
navigable,6,2,"0,33"
navigational aids,0,0,
no label,2,1,"0,50"
non-actionable,0,0,
non actionable,0,0,
non-executable,0,0,
non executable,0,0,
non-text,0,0,
non text,0,0,
non-visual,0,0,
non visual,0,0,
older device,15,4,"0,27"
operable,4,0,"0,00"
overlap,37,31,"0,84"
page refresh,1,1,"1,00"
page title,2,1,"0,50"
pause button,53,27,"0,51"
perceivable,0,0,
personalization,22,7,"0,32"
photosensitive ,0,0,
play automatic,3,1,"0,33"
plays automatic,1,0,"0,00"
properly grouped,0,0,
readable,132,72,"0,55"
repeated link,0,0,
scaling,23,16,"0,70"
screen glare,0,0,
screen reader,4,3,"0,75"
screen title,0,0,
screenreader,2,2,"1,00"
seizures,4,3,"0,75"
select language,3,3,"1,00"
self voicing,0,0,
self-voicing,0,0,
sign language,9,1,"0,11"
small button,6,6,"1,00"
small control,0,0,
small widget,10,4,"0,40"
spacing,34,26,"0,76"
speech synthesizer,0,0,
stop button,15,10,"0,67"
subtitle,125,40,
suplementary information,0,0,#DIV/0!
svg image,1,1,"1,00"
switch device,2,1,"0,50"
talkback,8,8,"1,00"
target area,0,0,
text alternative,0,0,
text equivalent,0,0,
text reflow,9,9,"1,00"
text resize,2,2,"1,00"
text resizing,0,0,
text size,46,45,"0,98"
text-to-speech,13,13,"1,00"
timeout,61,9,"0,15"
timing out,7,0,"0,00"
tooltip,3,2,"0,67"
touch size,0,0,
touch target,1,1,"1,00"
transcript,7,5,"0,71"
understandable,37,3,"0,08"
unexpect open,0,0,
unexpected audio,0,0,
unexpectedly opening,0,0,
unfamiliar,12,0,"0,00"
unique description,0,0,
unique label,0,0,
unsupported style,0,0,
verbose,8,2,"0,25"
verbosity,3,0,"0,00"
vertigo,1,0,"0,00"
vibration alert,1,0,"0,00"
vibration feedback,3,3,"1,00"
visible focus,0,0,
visible label,0,0,
vision impairment,1,1,"1,00"
visual cue,4,4,"1,00"
visual formatting,0,0,
volume,522,146,"0,28"
wcag,0,0,
white mode,1,0,"0,00"
widget order,0,0,
white theme,9,9,"1,00"
font size,173,169,"0,98"
voice command,15,14,"0,93"
night mode,215,206,"0,96"
strain,32,12,"0,38"
too bright,20,20,"1,00"
can't read,116,24,"0,21"
cannot read,35,1,"0,03"
small font,13,13,"1,00"
tiny font,1,1,"1,00"
large font,4,3,"0,75"
larger font,11,10,"0,91"
difficult to read,15,13,"0,87"
difficult to see,16,10,"0,63"
impossible to see,6,6,"1,00"
impossible to read,16,12,"0,75"
captcha,22,2,"0,09"
change font,33,33,"1,00"
adjust font,4,4,"1,00"
adjust size,1,1,"1,00"
adjust color,0,0,
adjust colour,1,1,"1,00"
zoom,688,488,"0,71"
