keyword,score
dark mode,3
dark mode,5
impaired,4
dark mode,5
dark mode,4
dark mode,4
dark mode,3
flicker,2
dark mode,4
zoom,4
dark mode,5
zoom,5
font size,4
cannot see,3
font size,3
font size,2
dark mode,5
accessibility,4
zoom,5
light mode,5
customization,5
timeout,1
volume,1
mute,3
volume,3
mute,4
volume,1
volume,3
volume,4
volume,3
customization,5
volume,4
volume,2
volume,4
volume,2
cannot see,4
volume,4
volume,3
volume,3
font size,4
volume,5
volume,3
volume,2
volume,1
volume,3
volume,1
volume,3
volume,3
volume,5
volume,5
font size,5
change font,5
font size,5
change font,5
volume,3
volume,2
zoom,1
hard to see,3
default language,5
accessibility,5
font size,4
dark mode,5
dark mode,5
background color,5
background color,5
background color,5
hard to see,5
zoom,4
dark mode,4
font size,3
text-to-speech,4
dark mode,5
too bright,5
font size,4
change font,4
cannot see,1
assistance,1
control key,3
zoom,5
hard to see,4
zoom,5
hard to see,3
readable,3
blind,4
blind,5
adjustable,5
consistency,4
overlap,3
dark mode,4
volume,5
subtitle,5
dark mode,5
dark mode,3
dark mode,4
customization,5
pause button,3
adjustable,4
pause button,4
autoplay,5
autoplay,5
assistance,5
cannot see,5
volume,1
hard to see,4
pause button,4
assistance,3
header,3
dark mode,4
dark mode,5
light mode,5
font size,5
change font,5
hard to see,5
dark mode,5
zoom,5
font size,3
change font,3
zoom,3
customization,5
adjustable,4
font size,4
font size,4
change font,4
change font,4
zoom,4
font size,3
change font,3
zoom,4
scaling,1
font size,4
font size,4
change font,4
zoom,4
font size,4
font size,5
adjustable,4
font size,4
readable,2
hard to see,2
zoom,4
scaling,4
adjustable,4
zoom,5
dark mode,4
font size,5
dark mode,5
background image,5
background image,4
background image,4
change font,5
hard to see,4
adjustable,4
dark mode,5
autoplay,2
epilepsy,1
adjustable,5
volume,5
migraine,2
epilepsy,3
epilepsy,4
epilepsy,1
migraine,1
epilepsy,2
migraine,2
volume,5
migraine,5
migraine,1
migraine,4
migraine,2
volume,2
migraine,5
volume,5
migraine,2
volume,2
migraine,3
seizures,2
migraine,3
migraine,1
migraine,1
customization,3
migraine,4
migraine,1
migraine,1
migraine,2
flicker,3
epilepsy,4
migraine,4
seizures,4
epilepsy,4
seizures,2
migraine,2
migraine,4
migraine,1
migraine,2
volume,3
change language,5
assistance,1
assistance,1
dark mode,4
flicker,1
cannot see,1
volume,4
cannot see,4
zoom,4
zoom,3
mute,4
cannot see,4
hard to see,4
zoom,3
blind,4
overlap,4
zoom,3
background color,4
zoom,2
change font,2
dark mode,4
dark mode,3
contrast,5
hard to see,5
contrast,1
zoom,4
dark mode,3
readable,3
cannot see,4
dark mode,4
vibration feedback,3
dark mode,5
cannot see,4
dark mode,5
background image,4
dark mode,2
too bright,2
zoom,3
dark mode,3
readable,2
change font,2
zoom,3
haptic,5
small widget,2
customization,1
dark mode,1
dark mode,2
zoom,2
light mode,5
font size,5
dark mode,1
haptic,5
background image,4
contrast,4
font size,4
readable,1
voice command,5
cannot see,1
readable,2
dark mode,3
hard to see,4
cannot see,3
cannot see,3
readable,3
hard to see,5
light mode,4
dark mode,5
light mode,5
light mode,5
zoom,4
light mode,4
hard to see,3
cannot see,4
hard to see,3
timeout,5
zoom,5
small widget,4
change font,4
zoom,4
zoom,4
haptic,5
zoom,4
zoom,3
metadata,4
metadata,4
overlap,4
cannot see,1
zoom,4
hard to see,2
autoplay,2
zoom,5
zoom,1
zoom,4
autoplay,4
zoom,4
dark mode,5
change font,5
volume,4
zoom,5
volume,4
zoom,3
zoom,5
zoom,4
volume,3
too bright,5
zoom,5
zoom,3
volume,3
volume,3
metadata,5
volume,4
volume,4
volume,4
volume,4
blind,5
impaired,5
mute,5
pause button,2
readable,5
zoom,3
zoom,1
zoom,4
zoom,5
zoom,3
zoom,5
zoom,3
scaling,3
zoom,3
zoom,3
zoom,4
zoom,1
zoom,4
zoom,5
zoom,3
zoom,2
zoom,2
flicker,5
zoom,3
zoom,3
zoom,2
zoom,1
zoom,4
zoom,3
zoom,2
zoom,3
zoom,1
zoom,2
zoom,3
zoom,3
zoom,4
zoom,3
zoom,4
zoom,2
zoom,4
zoom,1
zoom,1
zoom,2
zoom,4
zoom,4
zoom,2
zoom,1
zoom,2
zoom,1
zoom,4
zoom,2
cannot see,1
zoom,1
zoom,5
zoom,4
zoom,5
zoom,2
zoom,3
zoom,1
zoom,5
zoom,4
zoom,1
zoom,4
volume,4
dark mode,5
cannot see,5
dark mode,5
dark mode,4
readable,3
dark mode,4
dark mode,4
dark mode,5
cannot see,2
mute,4
zoom,3
customization,3
spacing,3
dark mode,2
font size,2
blind,5
dark mode,5
font size,5
dark mode,5
font size,5
too bright,1
header,2
font size,2
change font,2
dark mode,1
hard to see,4
contrast,4
background color,2
zoom,1
font size,4
cannot see,1
background color,4
dark mode,4
dark mode,5
font size,4
text-to-speech,5
font size,3
cannot see,3
dark mode,3
font size,4
customization,5
dark mode,5
change font,5
cannot see,1
font size,1
dark mode,2
font size,4
customization,3
zoom,5
dark mode,1
font size,1
background color,5
font size,2
font size,2
too bright,1
eyestrain,4
strain,4
accessibility,4
cannot see,2
dark mode,2
dark mode,2
change font,2
readable,4
font size,4
cannot see,1
font size,5
font size,3
font size,3
zoom,4
background color,4
dark mode,4
font size,4
font size,3
voice command,5
font size,4
font size,2
font size,3
readable,1
volume,5
font size,3
customization,3
readable,1
font size,4
dark mode,3
dark mode,1
readable,3
dark mode,1
customization,5
cannot see,1
zoom,4
adjustable,5
font size,5
change font,5
text-to-speech,4
adjustable,5
customization,5
dark mode,5
readable,5
header,5
cannot see,1
scaling,4
font size,1
change font,1
spacing,5
dark mode,5
control key,1
font size,5
font size,3
customization,5
volume,4
dark mode,3
dark mode,3
background color,3
dark mode,4
dark mode,5
volume,3
dark mode,1
dark mode,4
volume,5
font size,5
accessibility,5
pause button,5
accessibility,5
transcript,5
mute,4
visual cue,4
mute,3
mute,4
mute,1
mute,4
volume,4
font size,1
font size,3
mute,4
flicker,5
font size,4
dark mode,5
cannot see,2
dark mode,4
zoom,3
font size,3
zoom,3
cannot see,1
dark mode,5
font size,4
haptic,3
pause button,5
subtitle,4
distinguishable,5
haptic,5
overlap,5
autoplay,5
autoplay,5
background color,5
small widget,4
blind,5
volume,4
volume,5
dark mode,4
dark mode,5
dark mode,5
dark mode,3
zoom,4
blind,3
autoplay,4
dark mode,5
dark mode,4
volume,4
dark mode,5
cannot see,3
voice command,4
zoom,3
dark mode,5
zoom,5
page title,4
hard to see,5
zoom,5
zoom,4
light mode,5
readable,3
font size,3
dark mode,5
dark mode,4
dark mode,5
header,4
font size,4
zoom,4
default language,1
header,3
dark mode,5
timeout,5
default language,5
mute,5
contrast,5
hard to see,5
header,5
light mode,5
dark mode,5
dark mode,5
dark mode,4
eyestrain,4
strain,4
dark mode,4
accessibility,5
contrast,4
cannot see,3
zoom,2
readable,2
zoom,2
dark mode,5
zoom,4
zoom,4
switch device,5
autoplay,4
accessibility,5
pause button,5
stop button,5
pause button,4
customization,2
visual cue,4
volume,4
customization,5
light mode,5
dark mode,5
haptic,3
small widget,5
contrast,5
input method,5
control key,1
accessibility,5
haptic,5
default language,5
older device,5
accessibility,1
spacing,4
cannot see,5
contrast,2
hard to see,2
scaling,1
accessibility,5
dark mode,5
haptic,1
control key,5
spacing,5
readable,5
hard to see,2
control key,5
light mode,4
accessibility,5
accessibility,5
accessibility,5
spacing,5
spacing,5
spacing,4
spacing,4
customization,5
haptic,4
customization,5
adjustable,5
select language,3
keyboard language,4
adjustable,4
contrast,3
hard to see,3
input method,3
input method,5
control key,5
change language,1
change language,4
hard to see,4
accessibility,4
customization,4
dark mode,2
control key,5
vibration feedback,5
input method,4
scaling,5
customization,4
adjustable,5
font size,4
input method,4
readable,4
control key,5
customization,4
light mode,4
text-to-speech,5
input method,4
font size,4
small widget,5
cannot see,2
readable,3
dark mode,4
overlap,5
change language,5
dark mode,2
font size,5
change font,5
background color,3
overlap,5
metadata,3
text-to-speech,5
volume,2
dark mode,4
cannot see,3
zoom,4
light mode,5
light mode,4
contrast,4
contrast,3
customization,4
background image,4
change language,2
change language,5
input method,4
cannot see,1
input method,1
control key,4
mute,5
overlap,1
font size,4
change font,4
cannot see,3
zoom,3
flicker,4
haptic,4
font size,5
dark mode,5
dark mode,4
background color,5
dark mode,5
dark mode,4
dark mode,4
font size,4
zoom,4
dark mode,5
zoom,5
scaling,5
select language,1
font size,5
zoom,5
flicker,1
zoom,1
zoom,4
font size,3
change font,3
zoom,3
font size,4
font size,4
change font,4
zoom,4
accessibility,4
dark mode,3
font size,3
zoom,3
dark mode,4
text reflow,3
font size,3
zoom,3
spacing,2
subtitle,2
subtitle,1
change language,3
consistency,1
subtitle,3
volume,3
volume,1
zoom,3
mute,1
pause button,1
stop button,1
mute,1
volume,1
volume,2
volume,1
volume,1
subtitle,5
pause button,4
volume,5
stop button,5
stop button,4
mute,1
volume,4
volume,4
volume,3
volume,3
mute,2
volume,2
overlap,5
impaired,1
verbose,1
subtitle,4
accessibility,5
volume,5
subtitle,4
zoom,4
volume,4
input method,4
volume,5
volume,4
readable,3
volume,4
volume,5
overlap,5
stop button,4
volume,4
subtitle,4
pause button,4
volume,4
stop button,3
stop button,3
haptic,4
subtitle,4
haptic,3
stop button,3
haptic,5
transcript,5
dark mode,5
readable,2
contrast,4
light mode,4
timeout,3
zoom,1
cannot see,3
zoom,3
zoom,1
zoom,1
zoom,4
zoom,3
cannot see,1
zoom,1
zoom,1
zoom,2
zoom,3
zoom,4
zoom,1
zoom,4
zoom,1
zoom,3
dark mode,5
dark mode,5
dark mode,5
dark mode,4
dark mode,1
background image,4
text reflow,2
zoom,5
font size,5
zoom,4
zoom,4
zoom,5
zoom,4
volume,4
dark mode,4
font size,4
background color,5
text reflow,5
dark mode,5
mute,4
cannot see,1
volume,3
mute,5
mute,4
grouped ,3
overlap,3
customization,5
hard to see,3
spacing,4
font size,4
select language,5
accessibility,2
header,3
dark mode,5
font size,5
change font,5
font size,4
change font,4
dark mode,4
header,5
font size,4
dark mode,5
contrast,5
dark mode,5
font size,5
customization,5
dark mode,5
customization,4
dark mode,5
font size,5
dark mode,5
dark mode,5
background color,5
hard to see,4
background color,4
dark mode,1
dark mode,5
font size,5
change font,5
header,4
overlap,4
blind,5
zoom,1
flicker,2
zoom,2
zoom,3
zoom,5
zoom,1
spacing,4
font size,4
zoom,4
zoom,5
accessibility,3
dark mode,4
header,4
spacing,5
font size,5
mute,1
accessibility,3
input method,3
mute,4
adjustable,4
font size,4
dark mode,5
autoplay,1
customization,3
zoom,4
overlap,5
zoom,1
header,4
overlap,3
spacing,3
spacing,4
font size,3
font size,5
font size,5
font size,5
font size,3
change font,3
font size,4
readable,3
readable,2
change font,2
font size,5
adjustable,3
change font,4
adjustable,5
change font,4
readable,1
change font,5
cannot see,1
hard to see,4
accessibility,4
accessibility,5
accessibility,4
screen reader,4
change language,4
adjustable,5
readable,4
dark mode,4
grouped ,5
dark mode,5
hard to see,5
adjustable,5
font size,5
too bright,3
blind,3
customization,5
consistency,5
zoom,4
input method,2
zoom,1
scaling,4
zoom,5
dark mode,2
zoom,2
font size,3
zoom,4
dark mode,5
volume,5
overlap,3
dark mode,5
volume,3
volume,3
font size,3
hard to see,4
migraine,3
zoom,4
zoom,3
customization,1
zoom,5
zoom,3
readable,5
zoom,5
pause button,4
customization,3
background color,4
pause button,4
contrast,4
zoom,3
cannot see,4
cannot see,4
zoom,4
zoom,4
scaling,4
scaling,3
customization,4
cannot see,5
zoom,5
zoom,5
scaling,4
zoom,3
assistance,4
zoom,4
background image,1
zoom,3
zoom,5
cannot see,3
zoom,4
customization,5
zoom,4
light mode,4
customization,5
zoom,4
zoom,4
consistency,4
zoom,3
zoom,5
cannot see,3
customization,3
dark mode,4
cannot see,1
zoom,4
dark mode,5
dark mode,1
overlap,2
dark mode,4
dark mode,4
flicker,4
contrast,3
eyestrain,3
strain,3
visual cue,3
dark mode,5
dark mode,4
dark mode,5
font size,4
change font,4
dark mode,2
cannot see,4
adjustable,1
font size,1
customization,4
light mode,4
font size,2
dark mode,3
font size,5
change font,5
metadata,3
dark mode,5
dark mode,4
dark mode,4
actionable,5
actionable,4
hard to see,3
customization,2
dark mode,4
overlap,4
font size,5
font size,5
font size,4
dark mode,5
background color,5
dark mode,5
dark mode,3
dark mode,4
dark mode,5
dark mode,3
dark mode,1
dark mode,5
background color,5
dark mode,5
dark mode,4
hard to see,4
font size,4
metadata,3
zoom,1
zoom,1
overlap,1
zoom,1
zoom,1
container,3
zoom,3
dark mode,5
too bright,4
adjustable,5
dark mode,5
blind,1
too bright,5
change font,5
mute,4
mute,5
pause button,5
volume,3
pause button,4
pause button,3
dark mode,3
voice command,1
light mode,5
voice command,1
font size,4
mute,3
blind,4
mute,4
pause button,1
voice command,3
dark mode,3
pause button,5
pause button,1
contrast,4
dark mode,5
flicker,1
too bright,1
too bright,1
zoom,1
zoom,2
dark mode,5
cannot see,2
cannot see,2
cannot see,2
customization,2
readable,4
readable,1
font size,4
background color,4
overlap,4
cannot see,4
zoom,4
zoom,5
cannot see,1
cannot see,1
cannot see,1
zoom,1
zoom,4
zoom,2
spacing,3
cannot see,3
readable,2
visual cue,3
hard to see,1
readable,1
header,3
voice command,3
zoom,4
dark mode,4
navigable,1
zoom,3
dark mode,5
dark mode,5
contrast,4
accessibility,5
screen reader,5
dark mode,4
dark mode,3
dark mode,4
dark mode,5
dark mode,4
header,5
dark mode,5
background color,5
readable,5
dark mode,4
cannot see,3
cannot see,4
hard to see,4
zoom,2
pause button,5
cannot see,5
adjustable,5
overlap,3
small widget,3
overlap,5
background color,5
background image,5
zoom,4
header,5
readable,3
dark mode,5
header,4
dark mode,5
font size,5
change font,5
header,4
zoom,5
font size,5
hard to see,4
hard to see,3
font size,3
zoom,4
contrast,3
hard to see,3
zoom,5
change language,5
zoom,1
zoom,4
zoom,2
dark mode,3
volume,2
readable,5
zoom,5
hard to see,4
zoom,4
zoom,4
cannot see,2
flicker,5
dark mode,2
accessibility,5
accessibility,5
zoom,3
cannot see,2
contrast,3
zoom,5
zoom,4
zoom,4
screen reader,3
font size,5
zoom,2
accessibility,3
font size,5
change font,5
zoom,4
dark mode,4
dark mode,4
accessibility,5
flicker,2
zoom,3
zoom,4
readable,4
dark mode,3
cannot see,4
zoom,5
readable,1
zoom,2
colour coding,4
dark mode,4
accessibility,5
accessibility,4
contrast,5
dark mode,4
pause button,4
dark mode,4
font size,4
font size,5
readable,5
font size,5
customization,5
customization,4
dark mode,3
customization,5
background color,5
dark mode,4
volume,1
dark mode,4
metadata,4
dark mode,2
customization,2
pause button,3
readable,4
customization,5
dark mode,5
customization,5
cannot see,5
customization,4
cannot see,3
cannot see,3
dark mode,3
volume,5
customization,5
cannot see,5
customization,5
dark mode,5
customization,5
customization,5
dark mode,1
volume,4
customization,5
volume,1
metadata,4
volume,4
accessibility,4
voice command,4
customization,4
volume,5
dark mode,4
dark mode,2
voice command,4
cannot see,4
contrast,4
dark mode,4
customization,5
customization,5
customization,4
customization,4
dark mode,5
autoplay,5
customization,5
customization,4
zoom,4
dark mode,5
dark mode,4
accessibility,5
font size,4
text-to-speech,4
verbose,4
volume,5
haptic,4
mute,4
volume,4
volume,3
zoom,3
adjustable,4
flicker,3
flicker,1
flicker,4
flicker,1
mute,2
accessibility,3
dark mode,5
dark mode,4
dark mode,2
zoom,2
readable,1
dark mode,2
customization,4
dark mode,4
customization,3
header,3
customization,3
customization,4
customization,5
dark mode,5
dark mode,5
dark mode,5
cannot see,4
dark mode,4
impaired,3
dark mode,5
mute,1
customization,5
blind,3
font size,5
zoom,3
customization,4
dark mode,1
light mode,1
customization,4
zoom,4
customization,5
dark mode,3
background color,4
customization,5
cannot see,3
hard to see,5
customization,2
customization,3
cannot see,4
cannot see,4
change font,3
font size,5
dark mode,5
customization,5
customization,4
dark mode,3
customization,4
spacing,3
font size,4
change font,4
dark mode,5
customization,3
font size,3
dark mode,5
background image,3
dark mode,5
dark mode,5
background color,4
cannot see,4
cannot see,4
dark mode,4
cannot see,4
dark mode,4
readable,4
customization,4
background color,3
customization,5
customization,5
customization,5
contrast,4
dark mode,4
zoom,4
dark mode,1
dark mode,4
dark mode,5
change font,5
accessibility,4
customization,3
dark mode,4
accessibility,4
cannot see,4
dark mode,4
dark mode,4
background color,4
dark mode,5
customization,3
customization,3
dark mode,3
dark mode,2
background color,3
dark mode,3
dark mode,2
hard to see,2
cannot see,5
dark mode,5
change font,5
text-to-speech,5
dark mode,3
cannot see,2
change font,2
dark mode,3
metadata,5
dark mode,4
metadata,4
cannot see,3
dark mode,4
dark mode,4
dark mode,5
readable,5
font size,5
overlap,5
font size,5
dark mode,5
dark mode,4
dark mode,5
eyestrain,4
strain,4
dark mode,4
eyestrain,4
strain,4
dark mode,5
eyestrain,5
strain,5
dark mode,5
dark mode,5
dark mode,5
cannot see,5
font size,4
colour coding,3
font size,3
dark mode,4
dark mode,4
dark mode,5
change font,3
dark mode,4
cannot see,5
dark mode,3
readable,1
hard to see,4
customization,5
background color,5
customization,5
customization,5
page refresh,4
dark mode,5
zoom,3
zoom,5
zoom,4
font size,5
light mode,4
customization,5
background color,4
font size,4
font size,5
font size,4
light mode,5
mute,5
input method,5
dark mode,3
mute,4
dark mode,4
dark mode,4
dark mode,4
dark mode,4
dark mode,5
dark mode,4
font size,5
dark mode,5
consistency,1
dark mode,1
dark mode,2
dark mode,2
dark mode,3
cannot see,1
dark mode,1
dark mode,3
dark mode,5
cannot see,1
dark mode,4
dark mode,3
dark mode,4
dark mode,3
volume,2
volume,5
volume,5
cannot see,3
font size,3
font size,5
light mode,5
change font,3
dark mode,4
dark mode,4
eyestrain,1
strain,1
dark mode,5
dark mode,3
dark mode,5
dark mode,3
timeout,5
font size,5
timeout,5
timeout,4
font size,5
input type,3
colour coding,3
dark mode,4
header,4
dark mode,5
dark mode,5
dark mode,4
metadata,3
dark mode,5
dark mode,5
light mode,5
dark mode,4
accessibility,4
blind,4
screen reader,4
accessibility,4
screen reader,4
dark mode,5
metadata,5
metadata,5
autoplay,4
font size,3
sign language,5
volume,4
light mode,5
background color,3
screen reader,1
dark mode,5
dark mode,5
change font,5
dark mode,4
flicker,5
cannot see,3
scaling,5
font size,4
zoom,4
zoom,3
zoom,2
dark mode,3
zoom,2
dark mode,4
font size,1
cannot see,5
dark mode,5
font size,5
zoom,4
zoom,4
flicker,3
zoom,3
dark mode,1
dark mode,4
zoom,4
dark mode,5
dark mode,4
zoom,4
zoom,2
zoom,3
zoom,4
dark mode,5
zoom,2
haptic,5
zoom,3
zoom,5
cannot see,4
dark mode,4
zoom,4
zoom,4
zoom,4
blind,5
zoom,4
zoom,1
blind,5
dark mode,5
hard to see,5
too bright,5
zoom,2
cannot see,2
zoom,4
cannot see,3
zoom,3
zoom,3
zoom,4
zoom,3
cannot see,2
cannot see,3
zoom,3
cannot see,3
zoom,1
dark mode,5
zoom,1
dark mode,4
migraine,4
zoom,1
zoom,1
zoom,2
zoom,1
zoom,3
zoom,3
dark mode,4
zoom,4
zoom,5
contrast,2
dark mode,2
hard to see,2
dark mode,5
zoom,4
zoom,5
contrast,3
background color,3
hard to see,3
blind,5
dark mode,5
too bright,3
cannot see,2
too bright,2
too bright,4
readable,3
dark mode,3
too bright,3
cannot see,2
zoom,2
zoom,4
blind,4
dark mode,4
hard to see,3
too bright,2
light mode,2
zoom,2
contrast,2
flicker,2
too bright,2
contrast,4
dark mode,4
too bright,1
too bright,1
zoom,1
zoom,1
zoom,5
zoom,4
zoom,4
zoom,1
zoom,5
zoom,3
zoom,1
zoom,2
zoom,1
zoom,5
dark mode,5
zoom,3
zoom,4
zoom,2
zoom,4
cannot see,4
zoom,4
zoom,3
zoom,1
readable,3
zoom,3
zoom,4
zoom,2
zoom,1
zoom,3
zoom,3
zoom,1
zoom,4
zoom,4
zoom,2
cannot see,3
zoom,3
zoom,3
zoom,2
zoom,1
zoom,3
zoom,3
zoom,3
zoom,1
zoom,4
zoom,2
zoom,1
zoom,1
zoom,2
zoom,2
readable,4
zoom,4
cannot see,1
cannot see,2
zoom,2
zoom,3
zoom,4
cannot see,4
zoom,4
zoom,3
zoom,4
zoom,2
zoom,5
zoom,3
cannot see,2
zoom,1
zoom,3
zoom,1
zoom,2
zoom,3
zoom,1
zoom,3
zoom,5
font size,5
zoom,2
zoom,1
background color,3
hard to see,3
zoom,4
zoom,2
zoom,1
flicker,4
zoom,3
zoom,1
cannot see,2
zoom,2
zoom,2
zoom,3
zoom,5
zoom,1
cannot see,2
hard to see,3
zoom,3
zoom,3
zoom,3
zoom,3
zoom,1
zoom,4
flicker,5
zoom,2
cannot see,2
zoom,4
zoom,1
zoom,3
zoom,1
zoom,2
zoom,5
hard to see,5
zoom,1
zoom,4
zoom,3
accessibility,3
cannot see,3
impaired,3
cannot see,2
zoom,2
cannot see,5
zoom,4
migraine,4
change font,4
readable,3
zoom,3
zoom,4
font size,5
change font,5
font size,4
zoom,5
zoom,5
zoom,5
zoom,3
flicker,1
zoom,4
subtitle,4
metadata,4
font size,5
change font,5
font size,5
small widget,5
dark mode,5
font size,4
adjust colour,5
background color,4
hard to see,4
spacing,3
dark mode,3
grouped ,3
zoom,3
zoom,3
zoom,4
zoom,5
zoom,5
zoom,1
zoom,5
readable,4
zoom,2
dark mode,5
zoom,2
zoom,4
zoom,5
zoom,4
zoom,5
zoom,5
background color,4
cannot see,4
volume,4
zoom,3
background color,1
zoom,5
zoom,3
header,4
zoom,4
zoom,5
zoom,5
contrast,5
zoom,5
zoom,2
autoplay,5
zoom,5
zoom,4
zoom,5
zoom,4
zoom,4
zoom,4
contrast,4
background color,5
dark mode,5
volume,3
zoom,3
contrast,2
zoom,2
zoom,4
subtitle,4
zoom,4
customization,5
hard to see,5
zoom,3
accessibility,3
cannot see,3
dark mode,4
background color,5
volume,3
volume,4
volume,3
volume,1
volume,3
volume,2
text-to-speech,4
volume,4
volume,2
mute,4
change font,4
volume,5
autoplay,4
cannot see,5
dark mode,5
dark mode,5
customization,5
spacing,4
dark mode,5
dark mode,3
light mode,4
cannot see,3
readable,3
change font,3
accessibility,3
header,3
zoom,3
volume,2
overlap,4
font size,4
zoom,5
background color,4
dark mode,4
cannot see,3
dark mode,4
zoom,3
blind,5
dark mode,5
autoplay,5
dark mode,4
dark mode,4
dark mode,4
eyestrain,4
strain,4
dark mode,5
cannot see,4
light mode,5
flicker,4
zoom,1
change font,1
cannot see,3
readable,3
transcript,3
background color,5
dark mode,3
pause button,3
cannot see,1
customization,4
header,4
small widget,4
customization,3
font size,3
dark mode,4
dark mode,3
dark mode,4
font size,4
change font,4
dark mode,5
background image,5
autoplay,2
readable,5
volume,1
zoom,4
zoom,3
dark mode,1
spacing,4
dark mode,4
dark mode,4
older device,4
metadata,5
dark mode,4
spacing,4
font size,4
dark mode,2
font size,5
spacing,5
change font,5
customization,3
dark mode,4
hard to see,4
background color,4
dark mode,4
light mode,4
dark mode,5
voice command,5
adjustable,4
font size,4
dark mode,5
font size,5
adjustable,4
customization,3
cannot see,1
dark mode,4
autoplay,5
vibration feedback,3
accessibility,3
zoom,3
accessibility,5
readable,1
font size,5
zoom,5
font size,4
zoom,5
dark mode,4
voice command,5
volume,5
control key,5
accessibility,5
volume,5
blind,2
volume,4
contrast,3
dark mode,3
control key,4
text-to-speech,5
volume,5
volume,3
accessibility,5
volume,5
volume,2
font size,5
change font,5
volume,5
font size,5
change font,5
font size,4
font size,4
font size,4
change font,3
font size,3
font size,4
font size,3
zoom,5
font size,2
customization,5
font size,5
header,4
accessibility,5
customization,4
metadata,5
readable,5
volume,1
zoom,4
dark mode,3
zoom,2
dark mode,4
autoplay,3
font size,4
dark mode,5
dark mode,5
zoom,3
font size,4
change font,4
dark mode,5
zoom,4
dark mode,5
light mode,5
scaling,4
zoom,5
zoom,2
zoom,4
zoom,5
zoom,4
spacing,3
zoom,3
cannot see,3
font size,4
zoom,4
zoom,5
cannot see,2
zoom,3
zoom,4
scaling,4
zoom,4
zoom,5
zoom,3
zoom,2
cannot see,2
zoom,4
zoom,4
zoom,4
zoom,3
cannot see,3
zoom,4
font size,4
change font,4
dark mode,4
mute,3
customization,2
dark mode,5
header,4
readable,4
dark mode,4
overlap,4
dark mode,4
blind,2
zoom,3
accessibility,5
hard to see,5
header,4
missing label,5
dark mode,5
header,2
transcript,4
zoom,4
zoom,4
cannot see,2
zoom,2
zoom,4
cannot see,4
input method,3
input method,4
change font,3
cannot see,5
input method,5
dark mode,5
understandable,5
dark mode,4
eyestrain,4
strain,4
dark mode,5
background color,5
font size,5
dark mode,5
dark mode,4
light mode,4
readable,4
dark mode,5
customization,5
dark mode,5
readable,1
hard to see,5
input method,2
accessibility,5
stop button,3
pause button,5
pause button,2
volume,4
background color,4
hard to see,4
volume,5
dark mode,5
customization,4
contrast,5
light mode,5
hard to see,5
pause button,5
pause button,5
volume,5
volume,4
volume,5
dark mode,1
dark mode,5
subtitle,5
overlap,4
zoom,5
mute,5
autoplay,1
subtitle,5
dark mode,4
volume,4
subtitle,4
volume,5
subtitle,4
subtitle,2
autoplay,1
subtitle,5
volume,1
dark mode,2
subtitle,1
subtitle,3
subtitle,4
zoom,5
zoom,1
subtitle,5
font size,5
contrast,3
subtitle,1
dark mode,5
subtitle,4
subtitle,1
overlap,4
volume,1
subtitle,3
zoom,3
zoom,3
subtitle,1
subtitle,1
subtitle,3
volume,5
subtitle,1
change font,1
readable,5
subtitle,5
subtitle,2
subtitle,3
subtitle,3
zoom,3
subtitle,3
cannot see,2
volume,2
hard to see,1
dark mode,5
voice command,2
volume,5
volume,4
dark mode,5
dark mode,5
overlap,5
volume,5
autoplay,4
volume,4
customization,4
adjustable,1
readable,5
metadata,4
dark mode,5
small widget,5
volume,5
customization,5
audio cue,4
dark mode,1
accessibility,4
change font,3
customization,4
readable,5
font size,4
change font,4
readable,5
customization,4
background color,4
font size,4
change font,2
flicker,3
contrast,3
light mode,3
overlap,5
hard to see,5
font size,5
blind,4
contrast,4
older device,4
overlap,2
dark mode,4
cannot see,3
zoom,3
cannot see,4
zoom,4
missing label,1
zoom,1
cannot see,4
dark mode,3
cannot see,2
zoom,5
dark mode,3
cannot see,1
captcha,1
dark mode,3
cannot see,2
dark mode,2
dark mode,3
dark mode,5
dark mode,4
eyestrain,4
strain,4
dark mode,4
dark mode,1
light mode,4
dark mode,5
dark mode,5
zoom,3
accessibility,5
overlap,2
readable,2
dark mode,4
dark mode,2
readable,2
light mode,1
readable,1
overlap,2
readable,2
dark mode,3
readable,3
dark mode,2
light mode,2
dark mode,5
dark mode,3
light mode,3
dark mode,5
readable,5
overlap,3
dark mode,5
accessibility,1
dark mode,1
dark mode,2
dark mode,1
dark mode,5
header,1
flicker,4
change language,1
header,3
header,3
spacing,3
header,5
flicker,4
dark mode,4
cannot see,2
zoom,3
dark mode,4
too bright,4
light mode,5
adjust size,1
font size,4
change font,4
font size,4
font size,4
font size,2
scaling,3
font size,3
cannot see,3
font size,4
scaling,4
font size,4
customization,4
customization,5
font size,5
font size,4
dark mode,5
font size,4
dark mode,5
adjustable,5
customization,5
readable,5
zoom,5
zoom,2
readable,4
zoom,4
mute,5
accessibility,2
blind,5
dark mode,5
timeout,4
hard to see,3
